label_group	mean_embedding_distance	std_embedding_distance	n_pairs
0	0.0036814212799072266	0.0035263245236766953	20
1	0.0029021557420492172	0.002258458949998392	32
U	0.0038582169251634895	0.0029957757751814394	173
