label_group	mean_embedding_distance	std_embedding_distance	n_pairs
0	0.0010185271501541137	0.0005267597364094773	20
1	0.0008298046886920929	0.0006049585808177637	32
U	0.0009414250451016288	0.0005321115131792888	173
